﻿<?xml version="1.0" encoding="utf-8" ?>
<playlist>
	<song>
		<id>1</id>
		<artist>Twenty One Pilots</artist>
		<title>Stressed Out</title>
		<year>2016</year>
		<genre>Rap-rock</genre>
		<time>3:22</time>
		<file>twenty-one-pilots_stressed-out.mp3</file>
	</song>
	<song>
		<id>2</id>
		<artist>Twenty One Pilots</artist>
		<title>Heathens</title>
		<year>2016</year>
		<genre>rap-rock</genre>
		<time>3:15</time>
		<file>twenty-one-pilots_heathens.mp3</file>
	</song>
</playlist>



